{
  "version_id": "v_20260223_020556",
  "dataset_hash": "9149f32f34aa7c77761166bb856c0108f6ea9ffc5d570d7c6ab40040c64293b1",
  "merged_weight_hash": "75add9e7ff83899cc25a29f05afd527d50149761652f7d5c08c29f441e7233c6",
  "leader_term": 1,
  "epoch": 5,
  "accuracy": 0.839,
  "hyperparameters": {
    "input_dim": 256,
    "hidden_dim": 512,
    "num_classes": 2,
    "lr": 0.001,
    "batch_size": 512,
    "epochs": 5,
    "amp": true,
    "gradient_clip": 1.0
  },
  "fp16": true,
  "timestamp": "2026-02-23T02:05:56.776717"
}